Date,Asset Type,Securities Firm,Ticker,Volume
2019-03-01,예금,우리은행,,333020
2019-04-01,예금,우리은행,,386500
2019-05-01,예금,우리은행,,654400
2019-06-01,예금,우리은행,,627500
2019-07-01,예금,우리은행,,731832
2019-08-01,예금,우리은행,,738000
2019-09-01,예금,우리은행,,603006
2019-10-01,예금,우리은행,,722690
2019-11-01,예금,우리은행,,566400
2019-12-01,예금,우리은행,,576886
2020-01-01,예금,우리은행,,726096
2020-02-01,예금,우리은행,,956546
2020-03-01,예금,우리은행,,2661246
2020-04-01,공격형 투자,나무증권,KODEX 레버리지,2478840
2020-04-01,공격형 투자,나무증권,삼성 레버리지 WTI ETN,3534230
2020-04-01,예금,나무증권,,1232
2020-04-01,예금,우리은행,,100000
2020-05-01,공격형 투자,나무증권,KODEX 레버리지,3048240
2020-05-01,공격형 투자,나무증권,삼성 레버리지 WTI ETN,3534230
2020-05-01,예금,나무증권,,1356
2020-05-01,예금,우리은행,,715600
2020-06-01,공격형 투자,나무증권,KODEX 레버리지,3614520
2020-06-01,공격형 투자,나무증권,삼성 레버리지 WTI ETN,3534230
2020-06-01,예금,나무증권,,23341
2020-06-01,예금,우리은행,,111450
2020-06-01,일반 투자,나무증권,AMD,459123
2020-07-01,공격형 투자,나무증권,삼성 레버리지 WTI ETN,844385
2020-07-01,예금,나무증권,,3952988
2020-07-01,예금,우리은행,,222736
2020-08-01,공격형 투자,나무증권,삼성 레버리지 WTI ETN,844385
2020-08-01,예금,나무증권,,3964141
2020-08-01,예금,우리은행,,591936
2020-08-01,예금,카카오뱅크,,100
2020-09-01,공격형 투자,나무증권,삼성 레버리지 WTI ETN,844385
2020-09-01,예금,나무증권,,620237
2020-09-01,예금,우리은행,,100000
2020-09-01,예금,카카오뱅크,,131
2020-09-01,일반 투자,나무증권,TSM,3768579
2020-10-01,공격형 투자,나무증권,삼성 레버리지 WTI ETN,844385
2020-10-01,예금,나무증권,,48468
2020-10-01,예금,우리은행,,110905
2020-10-01,예금,카카오뱅크,,141
2020-10-01,일반 투자,나무증권,TSM,4320126
2020-11-01,공격형 투자,나무증권,TQQQ,400268
2020-11-01,예금,나무증권,,179448
2020-11-01,예금,우리은행,,53550
2020-11-01,예금,카카오뱅크,,141
2020-11-01,일반 투자,나무증권,TSM,4379991
2020-12-01,공격형 투자,나무증권,TQQQ,546152
2020-12-01,예금,나무증권,,173275
2020-12-01,예금,우리은행,,397951
2020-12-01,예금,카카오뱅크,,333
2020-12-01,예금,키움증권,,5017468
2020-12-01,일반 투자,나무증권,CNVS,1153
2020-12-01,일반 투자,나무증권,LKCO,2824
2020-12-01,일반 투자,나무증권,RIG,4478
2020-12-01,일반 투자,나무증권,TSM,5031194
2021-01-01,공격형 투자,나무증권,TQQQ,565699
2021-01-01,예금,나무증권,,7591
2021-01-01,예금,우리은행,,595265
2021-01-01,예금,카카오뱅크,,343
2021-01-01,예금,키움증권,,36900
2021-01-01,일반 투자,나무증권,ACST,9988
2021-01-01,일반 투자,나무증권,CNVS,1453
2021-01-01,일반 투자,나무증권,DNN,4360
2021-01-01,일반 투자,나무증권,EYES,92701
2021-01-01,일반 투자,나무증권,GRNV,2473
2021-01-01,일반 투자,나무증권,JAGX,9653
2021-01-01,일반 투자,나무증권,LKCO,2763
2021-01-01,일반 투자,나무증권,NKLA,18591
2021-01-01,일반 투자,나무증권,PHUN,6508
2021-01-01,일반 투자,나무증권,PTN,9588
2021-01-01,일반 투자,나무증권,RIG,5033
2021-01-01,일반 투자,나무증권,SNDL,5966
2021-01-01,일반 투자,나무증권,TRCH,10295
2021-01-01,일반 투자,나무증권,TSM,5451993
2021-01-01,일반 투자,나무증권,XELA,6026
2021-01-01,일반 투자,키움증권,NIU,1903528
2021-01-01,일반 투자,키움증권,SBE,2935063
2021-02-01,공격형 투자,나무증권,TQQQ,651149
2021-02-01,예금,나무증권,,105694
2021-02-01,예금,우리은행,,50000
2021-02-01,예금,카카오뱅크,,1215
2021-02-01,예금,키움증권,,7038289
2021-02-01,일반 투자,나무증권,ACST,10290
2021-02-01,일반 투자,나무증권,CNVS,3106
2021-02-01,일반 투자,나무증권,DNN,4961
2021-02-01,일반 투자,나무증권,EXPR,37007
2021-02-01,일반 투자,나무증권,EYES,115480
2021-02-01,일반 투자,나무증권,GRNV,2548
2021-02-01,일반 투자,나무증권,JAGX,15756
2021-02-01,일반 투자,나무증권,LKCO,2847
2021-02-01,일반 투자,나무증권,NKLA,19153
2021-02-01,일반 투자,나무증권,NSPR,82131
2021-02-01,일반 투자,나무증권,PHUN,15029
2021-02-01,일반 투자,나무증권,PTN,13219
2021-02-01,일반 투자,나무증권,RIG,7442
2021-02-01,일반 투자,나무증권,SNDL,13521
2021-02-01,일반 투자,나무증권,TNXP,5420
2021-02-01,일반 투자,나무증권,TRCH,10606
2021-02-01,일반 투자,나무증권,TSM,6369016
2021-02-01,일반 투자,나무증권,UFO,1040618
2021-02-01,일반 투자,나무증권,XELA,9252
2021-02-01,일반 투자,키움증권,NIU,3200945
2021-02-01,일반 투자,키움증권,SBE,3023766
2021-03-01,공격형 투자,나무증권,TQQQ,653801
2021-03-01,배당주,키움증권,IBM,1491993
2021-03-01,예금,나무증권,,5040
2021-03-01,예금,우리은행,,78636
2021-03-01,예금,키움증권,,86803
2021-03-01,일반 투자,나무증권,ACST,10345
2021-03-01,일반 투자,나무증권,CNVS,3235
2021-03-01,일반 투자,나무증권,CTRM,208542
2021-03-01,일반 투자,나무증권,DNN,7212
2021-03-01,일반 투자,나무증권,EXPR,37203
2021-03-01,일반 투자,나무증권,EYES,116094
2021-03-01,일반 투자,나무증권,GRNV,2561
2021-03-01,일반 투자,나무증권,JAGX,12076
2021-03-01,일반 투자,나무증권,LKCO,2862
2021-03-01,일반 투자,나무증권,NAKD,961
2021-03-01,일반 투자,나무증권,NKLA,19254
2021-03-01,일반 투자,나무증권,NSPR,102620
2021-03-01,일반 투자,나무증권,PHUN,10110
2021-03-01,일반 투자,나무증권,PTN,11683
2021-03-01,일반 투자,나무증권,RIG,8560
2021-03-01,일반 투자,나무증권,SNDL,15165
2021-03-01,일반 투자,나무증권,TNXP,6853
2021-03-01,일반 투자,나무증권,TRCH,10662
2021-03-01,일반 투자,나무증권,TSM,6527735
2021-03-01,일반 투자,나무증권,UFO,1122516
2021-03-01,일반 투자,나무증권,XELA,10065
2021-03-01,일반 투자,키움증권,NIU,2762266
2021-03-01,일반 투자,키움증권,SBE,3039839
2021-03-01,일반 투자,키움증권,U,4632935
2021-04-01,공격형 투자,나무증권,TQQQ,649086
2021-04-01,배당주,키움증권,IBM,1653206
2021-04-01,예금,나무증권,,779247
2021-04-01,예금,우리은행,,226493
2021-04-01,예금,카카오뱅크,,564
2021-04-01,예금,키움증권,,336316
2021-04-01,일반 투자,나무증권,ACST,10388
2021-04-01,일반 투자,나무증권,BIOL,207405
2021-04-01,일반 투자,나무증권,CNVS,3565
2021-04-01,일반 투자,나무증권,CTRM,151517
2021-04-01,일반 투자,나무증권,DNN,7987
2021-04-01,일반 투자,나무증권,EXPR,37359
2021-04-01,일반 투자,나무증권,GRNV,2572
2021-04-01,일반 투자,나무증권,JAGX,11168
2021-04-01,일반 투자,나무증권,LKCO,2874
2021-04-01,일반 투자,나무증권,NAKD,966
2021-04-01,일반 투자,나무증권,NKLA,19335
2021-04-01,일반 투자,나무증권,NSPR,79359
2021-04-01,일반 투자,나무증권,PHUN,9137
2021-04-01,일반 투자,나무증권,PTN,10559
2021-04-01,일반 투자,나무증권,RIG,8212
2021-04-01,일반 투자,나무증권,SNDL,12409
2021-04-01,일반 투자,나무증권,SYN,197711
2021-04-01,일반 투자,나무증권,TNXP,6881
2021-04-01,일반 투자,나무증권,TRCH,10707
2021-04-01,일반 투자,나무증권,TSM,6335185
2021-04-01,일반 투자,나무증권,UFO,1075831
2021-04-01,일반 투자,나무증권,XELA,9972
2021-04-01,일반 투자,나무증권,이트론,3740
2021-04-01,일반 투자,키움증권,CHPT,2760228
2021-04-01,일반 투자,키움증권,NIU,2566675
2021-04-01,일반 투자,키움증권,U,4332924
2021-05-01,공격형 투자,나무증권,TQQQ,709589
2021-05-01,배당주,키움증권,IBM,1778161
2021-05-01,예금,나무증권,,552
2021-05-01,예금,우리은행,,370303
2021-05-01,예금,카카오뱅크,,664
2021-05-01,예금,키움증권,,337791
2021-05-01,일반 투자,나무증권,ACST,10284
2021-05-01,일반 투자,나무증권,ARKX,1623065
2021-05-01,일반 투자,나무증권,BIOL,205327
2021-05-01,일반 투자,나무증권,CNVS,2881
2021-05-01,일반 투자,나무증권,CTRM,101625
2021-05-01,일반 투자,나무증권,DNN,7773
2021-05-01,일반 투자,나무증권,EXPR,36984
2021-05-01,일반 투자,나무증권,EYES,196237
2021-05-01,일반 투자,나무증권,GRNV,2546
2021-05-01,일반 투자,나무증권,JAGX,8208
2021-05-01,일반 투자,나무증권,LKCO,2845
2021-05-01,일반 투자,나무증권,NAKD,956
2021-05-01,일반 투자,나무증권,NKLA,19141
2021-05-01,일반 투자,나무증권,NSPR,41432
2021-05-01,일반 투자,나무증권,PHUN,8543
2021-05-01,일반 투자,나무증권,PTN,9001
2021-05-01,일반 투자,나무증권,RIG,7460
2021-05-01,일반 투자,나무증권,SNDL,9247
2021-05-01,일반 투자,나무증권,SYN,195731
2021-05-01,일반 투자,나무증권,TNXP,6366
2021-05-01,일반 투자,나무증권,TRCH,10599
2021-05-01,일반 투자,나무증권,TSM,5826472
2021-05-01,일반 투자,나무증권,XELA,8711
2021-05-01,일반 투자,나무증권,이트론,3740
2021-05-01,일반 투자,키움증권,CHPT,2159323
2021-05-01,일반 투자,키움증권,NIU,2423112
2021-05-01,일반 투자,키움증권,U,4108739
2021-06-01,공격형 투자,나무증권,SOXL,1273513
2021-06-01,공격형 투자,키움증권,SOXL,933909
2021-06-01,배당주,키움증권,IBM,1756135
2021-06-01,예금,나무증권,,552
2021-06-01,예금,우리은행,,355903
2021-06-01,예금,카카오뱅크,,43444
2021-06-01,예금,키움증권,,2024843
2021-06-01,일반 투자,나무증권,CTRM,65370
2021-06-01,일반 투자,나무증권,EYES,321534
2021-06-01,일반 투자,나무증권,NKLA,18977
2021-06-01,일반 투자,나무증권,TSM,7479281
2021-06-01,일반 투자,나무증권,이트론,3740
2021-06-01,일반 투자,키움증권,AMD,3131577
2021-06-01,일반 투자,키움증권,NIU,1882257
2021-07-01,공격형 투자,나무증권,SOXL,1446201
2021-07-01,공격형 투자,키움증권,SOXL,1060547
2021-07-01,배당주,키움증권,IBM,1829114
2021-07-01,예금,나무증권,,18252
2021-07-01,예금,우리은행,,87616
2021-07-01,예금,카카오뱅크,,39248
2021-07-01,예금,키움증권,,2070929
2021-07-01,일반 투자,나무증권,CTRM,52997
2021-07-01,일반 투자,나무증권,EYES,328852
2021-07-01,일반 투자,나무증권,NKLA,19409
2021-07-01,일반 투자,나무증권,TSM,7643700
2021-07-01,일반 투자,나무증권,이트론,3740
2021-07-01,일반 투자,키움증권,AMD,3698281
2021-07-01,일반 투자,키움증권,NIU,1821481
2021-08-01,공격형 투자,나무증권,SOXL,1561006
2021-08-01,공격형 투자,키움증권,SOXL,1144738
2021-08-01,배당주,키움증권,IBM,1790410
2021-08-01,예금,KB국민은행,,75554
2021-08-01,예금,나무증권,,27104
2021-08-01,예금,우리은행,,396316
2021-08-01,예금,카카오뱅크,,34990
2021-08-01,예금,키움증권,,2104798
2021-08-01,일반 투자,나무증권,EYES,344568
2021-08-01,일반 투자,나무증권,NKLA,19727
2021-08-01,일반 투자,나무증권,TSM,7666368
2021-08-01,일반 투자,나무증권,이트론,3740
2021-08-01,일반 투자,키움증권,AMD,4375894
2021-08-01,일반 투자,키움증권,NIU,1498511
2021-09-01,공격형 투자,나무증권,SOXL,1592900
2021-09-01,공격형 투자,키움증권,SOXL,1168127
2021-09-01,배당주,키움증권,IBM,1770236
2021-09-01,예금,KB국민은행,,730594
2021-09-01,예금,나무증권,,27204
2021-09-01,예금,우리은행,,396316
2021-09-01,예금,카카오뱅크,,30588
2021-09-01,예금,키움증권,,2112753
2021-09-01,일반 투자,나무증권,EYES,345870
2021-09-01,일반 투자,나무증권,NKLA,19801
2021-09-01,일반 투자,나무증권,TSM,7932407
2021-09-01,일반 투자,나무증권,이트론,3740
2021-09-01,일반 투자,키움증권,AMD,4447424
2021-09-01,일반 투자,키움증권,NIU,1648585
2021-10-01,공격형 투자,나무증권,SOXL,1418478
2021-10-01,공격형 투자,키움증권,SOXL,1040217
2021-10-01,배당주,키움증권,IBM,1860294
2021-10-01,예금,KB국민은행,,1065089
2021-10-01,예금,나무증권,,7962
2021-10-01,예금,우리은행,,325026
2021-10-01,예금,카카오뱅크,,26192
2021-10-01,예금,키움증권,,2157960
2021-10-01,일반 투자,나무증권,NKLA,20225
2021-10-01,일반 투자,나무증권,SPCE,281194
2021-10-01,일반 투자,나무증권,TSM,7503525
2021-10-01,일반 투자,나무증권,이트론,3740
2021-10-01,일반 투자,키움증권,AMD,4231185
2021-10-01,일반 투자,키움증권,NIU,1351100
2021-11-01,공격형 투자,나무증권,SOXL,1760161
2021-11-01,공격형 투자,키움증권,SOXL,1290785
2021-11-01,배당주,키움증권,IBM,1631308
2021-11-01,예금,KB국민은행,,682068
2021-11-01,예금,나무증권,,33904
2021-11-01,예금,우리은행,,202576
2021-11-01,예금,카카오뱅크,,21927
2021-11-01,예금,키움증권,,2147683
2021-11-01,일반 투자,나무증권,NKLA,20129
2021-11-01,일반 투자,나무증권,SPCE,229591
2021-11-01,일반 투자,나무증권,TSM,7639154
2021-11-01,일반 투자,나무증권,이트론,3740
2021-11-01,일반 투자,키움증권,AMD,5147366
2021-11-01,일반 투자,키움증권,NIU,1583651
2021-12-01,공격형 투자,나무증권,SOXL,2241283
2021-12-01,공격형 투자,키움증권,SOXL,1643608
2021-12-01,배당주,키움증권,IBM,1521300
2021-12-01,예금,KB국민은행,,972494
2021-12-01,예금,나무증권,,31235
2021-12-01,예금,신한은행,,200000
2021-12-01,예금,우리은행,,816476
2021-12-01,예금,카카오뱅크,,17690
2021-12-01,예금,키움증권,,1138290
2021-12-01,일반 투자,나무증권,NKLA,20274
2021-12-01,일반 투자,나무증권,SPCE,175773
2021-12-01,일반 투자,나무증권,TSM,8133239
2021-12-01,일반 투자,나무증권,이트론,3740
2021-12-01,일반 투자,키움증권,AMD,12346338
2021-12-01,일반 투자,키움증권,KD,37260
2021-12-01,일반 투자,키움증권,NIU,1207700
2022-01-01,공격형 투자,나무증권,SOXL,2569168
2022-01-01,공격형 투자,키움증권,SOXL,1884057
2022-01-01,배당주,키움증권,IBM,1777441
2022-01-01,예금,KB국민은행,,1254233
2022-01-01,예금,나무증권,,31802
2022-01-01,예금,신한은행,,200021
2022-01-01,예금,우리은행,,776598
2022-01-01,예금,카카오뱅크,,13427
2022-01-01,예금,키움증권,,1499481
2022-01-01,일반 투자,나무증권,NKLA,20358
2022-01-01,일반 투자,나무증권,SPCE,160825
2022-01-01,일반 투자,나무증권,TSM,8720206
2022-01-01,일반 투자,나무증권,이트론,3740
2022-01-01,일반 투자,키움증권,AMD,12491645
2022-01-01,일반 투자,키움증권,KD,46015
2022-01-01,일반 투자,키움증권,NIU,988827
2022-02-01,공격형 투자,나무증권,SOXL,1659812
2022-02-01,공격형 투자,키움증권,SOXL,1217195
2022-02-01,배당주,키움증권,IBM,1796629
2022-02-01,예금,KB국민은행,,1478105
2022-02-01,예금,나무증권,,59229
2022-02-01,예금,신한은행,,400021
2022-02-01,예금,우리은행,,649718
2022-02-01,예금,카카오뱅크,,9127
2022-02-01,예금,키움증권,,1516512
2022-02-01,일반 투자,나무증권,NKLA,20656
2022-02-01,일반 투자,나무증권,SPCE,117138
2022-02-01,일반 투자,나무증권,TSM,8452531
2022-02-01,일반 투자,나무증권,이트론,3740
2022-02-01,일반 투자,키움증권,AMD,9851374
2022-02-01,일반 투자,키움증권,KD,40323
2022-02-01,일반 투자,키움증권,NIU,854430
2022-03-01,공격형 투자,나무증권,SOXL,1317901
2022-03-01,공격형 투자,키움증권,SOXL,966461
2022-03-01,배당주,키움증권,IBM,1603061
2022-03-01,예금,KB국민은행,,1750251
2022-03-01,예금,나무증권,,59025
2022-03-01,예금,신한은행,,600021
2022-03-01,예금,우리은행,,437800
2022-03-01,예금,카카오뱅크,,502
2022-03-01,예금,키움증권,,1512415
2022-03-01,일반 투자,나무증권,NKLA,20584
2022-03-01,일반 투자,나무증권,SPCE,112287
2022-03-01,일반 투자,나무증권,TSM,7396348
2022-03-01,일반 투자,나무증권,이트론,3740
2022-03-01,일반 투자,키움증권,AMD,9569131
2022-03-01,일반 투자,키움증권,KD,32425
2022-03-01,일반 투자,키움증권,NIU,717556
2022-04-01,공격형 투자,나무증권,SOXL,1326886
2022-04-01,공격형 투자,키움증권,SOXL,973050
2022-04-01,배당주,키움증권,IBM,1744866
2022-04-01,예금,KB국민은행,,2098861
2022-04-01,예금,나무증권,,60114
2022-04-01,예금,신한은행,,800070
2022-04-01,예금,우리은행,,235883
2022-04-01,예금,카카오뱅크,,2329
2022-04-01,예금,키움증권,,1548725
2022-04-01,일반 투자,나무증권,NKLA,20890
2022-04-01,일반 투자,나무증권,SPCE,121756
2022-04-01,일반 투자,나무증권,TSM,7140869
2022-04-01,일반 투자,나무증권,이트론,3740
2022-04-01,일반 투자,키움증권,AMD,9230187
2022-04-01,일반 투자,키움증권,KD,32322
2022-04-01,일반 투자,키움증권,NIU,599640
2022-05-01,공격형 투자,나무증권,SOXL,927960
2022-05-01,공격형 투자,키움증권,SOXL,1763123
2022-05-01,배당주,키움증권,IBM,1847637
2022-05-01,예금,KB국민은행,,2475071
2022-05-01,예금,나무증권,,89295
2022-05-01,예금,신한은행,,1000070
2022-05-01,예금,우리은행,,235884
2022-05-01,예금,카카오뱅크,,2329
2022-05-01,예금,키움증권,,34189
2022-05-01,일반 투자,나무증권,NKLA,21640
2022-05-01,일반 투자,나무증권,SPCE,99614
2022-05-01,일반 투자,나무증권,TSM,6747365
2022-05-01,일반 투자,나무증권,이트론,3740
2022-05-01,일반 투자,키움증권,AMD,7939799
2022-05-01,일반 투자,키움증권,KD,29114
2022-05-01,일반 투자,키움증권,NIU,596545
2022-06-01,공격형 투자,나무증권,SOXL,1034781
2022-06-01,공격형 투자,키움증권,SOXL,1685215
2022-06-01,배당주,키움증권,IBM,1912484
2022-06-01,예금,KB국민은행,,2659846
2022-06-01,예금,나무증권,,27885
2022-06-01,예금,신한은행,,1200070
2022-06-01,예금,우리은행,,251913
2022-06-01,예금,키움증권,,33767
2022-06-01,일반 투자,나무증권,NKLA,21373
2022-06-01,일반 투자,나무증권,TSM,6734465
2022-06-01,일반 투자,나무증권,이트론,3740
2022-06-01,일반 투자,키움증권,AMD,8835139
2022-06-01,일반 투자,키움증권,KD,30625
2022-06-01,일반 투자,키움증권,NIU,459501
2022-07-01,공격형 투자,나무증권,SOXL,1249609
2022-07-01,공격형 투자,키움증권,SOXL,858165
2022-07-01,배당주,키움증권,IBM,2014741
2022-07-01,예금,KB국민은행,,1960750
2022-07-01,예금,나무증권,,90565
2022-07-01,예금,신한은행,,1400119
2022-07-01,예금,우리은행,,112573
2022-07-01,예금,키움증권,,394441
2022-07-01,일반 투자,나무증권,NKLA,22246
2022-07-01,일반 투자,나무증권,TSM,5696439
2022-07-01,일반 투자,나무증권,이트론,3740
2022-07-01,일반 투자,키움증권,AMD,6693089
2022-07-01,일반 투자,키움증권,KD,26062
2022-07-01,일반 투자,키움증권,NIU,553550
2022-08-01,공격형 투자,나무증권,SOXL,3922210
2022-08-01,공격형 투자,키움증권,SOXL,1568884
2022-08-01,배당주,키움증권,IBM,1897976
2022-08-01,예금,KB국민은행,,992080
2022-08-01,예금,나무증권,,101940
2022-08-01,예금,신한은행,,1600119
2022-08-01,예금,우리은행,,252950
2022-08-01,예금,키움증권,,349517
2022-08-01,일반 투자,나무증권,NKLA,22398
2022-08-01,일반 투자,나무증권,TSM,6428779
2022-08-01,일반 투자,나무증권,이트론,3740
2022-08-01,일반 투자,키움증권,AMD,8852708
2022-08-01,일반 투자,키움증권,KD,28461
2022-08-01,일반 투자,키움증권,NIU,404439
2022-09-01,공격형 투자,나무증권,SOXL,2705078
2022-09-01,공격형 투자,삼성증권,AMD3,537418
2022-09-01,공격형 투자,키움증권,SOXL,1074865
2022-09-01,배당주,키움증권,IBM,1932725
2022-09-01,예금,KB국민은행,,213685
2022-09-01,예금,나무증권,,19337
2022-09-01,예금,삼성증권,,2615
2022-09-01,예금,신한은행,,1800119
2022-09-01,예금,우리은행,,298762
2022-09-01,예금,키움증권,,349937
2022-09-01,일반 투자,나무증권,NKLA,23226
2022-09-01,일반 투자,나무증권,TSM,6305931
2022-09-01,일반 투자,나무증권,이트론,3740
2022-09-01,일반 투자,키움증권,AMD,7809577
2022-09-01,일반 투자,키움증권,KD,28864
2022-09-01,일반 투자,키움증권,NIU,403142
2022-10-01,공격형 투자,나무증권,SOXL,2108040
2022-10-01,공격형 투자,삼성증권,AMD3,315349
2022-10-01,공격형 투자,키움증권,SOXL,837632
2022-10-01,배당주,키움증권,IBM,1923689
2022-10-01,예금,KB국민은행,,443237
2022-10-01,예금,나무증권,,27903
2022-10-01,예금,삼성증권,,2778
2022-10-01,예금,신한은행,,2000168
2022-10-01,예금,우리은행,,265082
2022-10-01,예금,키움증권,,375797
2022-10-01,일반 투자,나무증권,NKLA,24668
2022-10-01,일반 투자,나무증권,TSM,5681001
2022-10-01,일반 투자,나무증권,이트론,3740
2022-10-01,일반 투자,키움증권,AMD,6660325
2022-10-01,일반 투자,키움증권,KD,23949
2022-10-01,일반 투자,키움증권,NIU,287126
2022-11-01,공격형 투자,나무증권,SOXL,1957639
2022-11-01,공격형 투자,삼성증권,AMD3,479796
2022-11-01,공격형 투자,키움증권,SOXL,777870
2022-11-01,배당주,키움증권,IBM,2165783
2022-11-01,예금,KB국민은행,,98017
2022-11-01,예금,나무증권,,71124
2022-11-01,예금,삼성증권,,18831
2022-11-01,예금,신한은행,,2200168
2022-11-01,예금,우리은행,,57612
2022-11-01,예금,키움증권,,375490
2022-11-01,일반 투자,나무증권,AMD,509975
2022-11-01,일반 투자,나무증권,NKLA,24419
2022-11-01,일반 투자,나무증권,TSM,5000677
2022-11-01,일반 투자,나무증권,이트론,3740
2022-11-01,일반 투자,키움증권,AMD,5949707
2022-11-01,일반 투자,키움증권,KD,28351
2022-11-01,일반 투자,키움증권,NIU,190906
2022-12-01,공격형 투자,나무증권,SOXL,2608872
2022-12-01,공격형 투자,삼성증권,AMD3,798493
2022-12-01,공격형 투자,키움증권,SOXL,1036638
2022-12-01,배당주,키움증권,IBM,2099845
2022-12-01,예금,KB국민은행,,100000
2022-12-01,예금,나무증권,,65485
2022-12-01,예금,삼성증권,,18774
2022-12-01,예금,신한은행,,2400168
2022-12-01,예금,우리은행,,48826
2022-12-01,예금,키움증권,,371702
2022-12-01,일반 투자,나무증권,AMD,594953
2022-12-01,일반 투자,나무증권,NKLA,21936
2022-12-01,일반 투자,나무증권,TSM,6031391
2022-12-01,일반 투자,나무증권,이트론,3740
2022-12-01,일반 투자,키움증권,AMD,6941124
2022-12-01,일반 투자,키움증권,KD,29999
2022-12-01,일반 투자,키움증권,NIU,247001
2023-01-01,공격형 투자,나무증권,SOXL,2820706
2023-01-01,공격형 투자,삼성증권,AMD3,425291
2023-01-01,공격형 투자,키움증권,SOXL,708127
2023-01-01,배당주,키움증권,IBM,1963300
2023-01-01,예금,KB국민은행,,387367
2023-01-01,예금,나무증권,,30238
2023-01-01,예금,삼성증권,,18767
2023-01-01,예금,신한은행,,2600217
2023-01-01,예금,우리은행,,26325
2023-01-01,예금,카카오뱅크,,100004
2023-01-01,예금,키움증권,,393097
2023-01-01,일반 투자,나무증권,AMD,484341
2023-01-01,일반 투자,나무증권,TSM,4293878
2023-01-01,일반 투자,나무증권,이트론,3740
2023-01-01,일반 투자,키움증권,AMD,5650642
2023-01-01,일반 투자,키움증권,KD,29203
2023-01-01,일반 투자,키움증권,NIU,348642
2023-02-01,공격형 투자,나무증권,SOXL,4947329
2023-02-01,공격형 투자,삼성증권,AMD3,2617477
2023-02-01,공격형 투자,키움증권,SOXL,1242007
2023-02-01,배당주,키움증권,IBM,1830963
2023-02-01,예금,KB국민은행,,59232
2023-02-01,예금,나무증권,,54736
2023-02-01,예금,삼성증권,,628
2023-02-01,예금,신한은행,,2800217
2023-02-01,예금,우리은행,,77155
2023-02-01,예금,카카오뱅크,,100013
2023-02-01,예금,키움증권,,391920
2023-02-01,일반 투자,나무증권,AMD,625735
2023-02-01,일반 투자,나무증권,TSM,5369759
2023-02-01,일반 투자,나무증권,이트론,3740
2023-02-01,일반 투자,키움증권,AMD,7300242
2023-02-01,일반 투자,키움증권,KD,33588
2023-02-01,일반 투자,키움증권,NIU,344386
2023-03-01,공격형 투자,나무증권,SOXL,4636860
2023-03-01,공격형 투자,삼성증권,AMD3,2110340
2023-03-01,공격형 투자,키움증권,SOXL,1261071
2023-03-01,예금,KB국민은행,,171
2023-03-01,예금,나무증권,,57572
2023-03-01,예금,삼성증권,,674
2023-03-01,예금,신한은행,,3000217
2023-03-01,예금,우리은행,,432284
2023-03-01,예금,카카오뱅크,,20
2023-03-01,예금,키움증권,,515
2023-03-01,일반 투자,나무증권,AMD,620808
2023-03-01,일반 투자,나무증권,TSM,5375370
2023-03-01,일반 투자,나무증권,이트론,3740
2023-03-01,일반 투자,키움증권,AMD,7242764
2023-03-01,일반 투자,키움증권,GOOG,2153124
2023-03-01,일반 투자,키움증권,NIU,277536
2023-04-01,공격형 투자,나무증권,SOXL,5556893
2023-04-01,공격형 투자,삼성증권,AMD3,3685516
2023-04-01,공격형 투자,키움증권,SOXL,1511289
2023-04-01,예금,KB국민은행,,23500
2023-04-01,예금,나무증권,,63693
2023-04-01,예금,삼성증권,,30527
2023-04-01,예금,신한은행,,3200266
2023-04-01,예금,우리은행,,34043
2023-04-01,예금,카카오뱅크,,20
2023-04-01,예금,키움증권,,37060
2023-04-01,일반 투자,나무증권,AMD,756343
2023-04-01,일반 투자,나무증권,TSM,5575235
2023-04-01,일반 투자,나무증권,이트론,3740
2023-04-01,일반 투자,키움증권,AMD,8824000
2023-04-01,일반 투자,키움증권,GOOG,2465242
2023-04-01,일반 투자,키움증권,NIU,254569
2023-05-01,공격형 투자,나무증권,SOXL,4704787
2023-05-01,공격형 투자,삼성증권,AMD3,2960186
2023-05-01,공격형 투자,키움증권,SOXL,1279545
2023-05-01,예금,나무증권,,87084
2023-05-01,예금,삼성증권,,30550
2023-05-01,예금,신한은행,,2422495
2023-05-01,예금,우리은행,,905868
2023-05-01,예금,키움증권,,37734
2023-05-01,일반 투자,나무증권,AMD,722609
2023-05-01,일반 투자,나무증권,TSM,5187306
2023-05-01,일반 투자,나무증권,이트론,3740
2023-05-01,일반 투자,키움증권,AMD,8430439
2023-05-01,일반 투자,키움증권,GOOG,2603374
2023-05-01,일반 투자,키움증권,NIU,244388
2023-06-01,공격형 투자,나무증권,SOXL,6953169
2023-06-01,공격형 투자,삼성증권,AMD3,5943789
2023-06-01,공격형 투자,키움증권,SOXL,1891029
2023-06-01,예금,나무증권,,86399
2023-06-01,예금,삼성증권,,80908
2023-06-01,예금,신한은행,,322495
2023-06-01,예금,우리은행,,133000
2023-06-01,예금,카카오뱅크,,6246898
2023-06-01,예금,키움증권,,37219
2023-06-01,일반 투자,나무증권,AMD,8312848
2023-06-01,일반 투자,나무증권,이트론,3740
2023-06-01,일반 투자,키움증권,AMD,10979233
2023-06-01,일반 투자,키움증권,GOOG,2939025
2023-06-01,일반 투자,키움증권,NIU,228436
2023-07-01,공격형 투자,나무증권,SOXL,8012953
2023-07-01,공격형 투자,삼성증권,AMD3,5066685
2023-07-01,공격형 투자,키움증권,SOXL,2179255
2023-07-01,예금,나무증권,,50955
2023-07-01,예금,삼성증권,,80909
2023-07-01,예금,신한은행,,258
2023-07-01,예금,우리은행,,52018
2023-07-01,예금,카카오뱅크,,586170
2023-07-01,예금,키움증권,,36919
2023-07-01,일반 투자,나무증권,AMD,8073917
2023-07-01,일반 투자,나무증권,알멕,139100
2023-07-01,일반 투자,나무증권,이트론,3740
2023-07-01,일반 투자,키움증권,AMD,13405749
2023-07-01,일반 투자,키움증권,NIU,274240
2023-08-01,공격형 투자,나무증권,SOXL,8789607
2023-08-01,공격형 투자,삼성증권,AMD3,5017416
2023-08-01,공격형 투자,키움증권,SOXL,2390479
2023-08-01,예금,나무증권,,409368
2023-08-01,예금,삼성증권,,89409
2023-08-01,예금,우리은행,,625784
2023-08-01,예금,카카오뱅크,,3110921
2023-08-01,예금,키움증권,,36477
2023-08-01,일반 투자,나무증권,AMD,8034391
2023-08-01,일반 투자,나무증권,이트론,3740
2023-08-01,일반 투자,키움증권,AMD,13340121
2023-08-01,일반 투자,키움증권,NIU,267478
2023-09-01,공격형 투자,나무증권,SOXL,7563248
2023-09-01,공격형 투자,삼성증권,AMD3,3791455
2023-09-01,공격형 투자,키움증권,SOXL,2056950
2023-09-01,예금,KB국민은행,,50000
2023-09-01,예금,나무증권,,410468
2023-09-01,예금,삼성증권,,89424
2023-09-01,예금,우리은행,,163710
2023-09-01,예금,카카오뱅크,,3815784
2023-09-01,예금,키움증권,,36959
2023-09-01,일반 투자,나무증권,AMD,7642387
2023-09-01,일반 투자,나무증권,이트론,3740
2023-09-01,일반 투자,키움증권,AMD,12689247
2023-09-01,일반 투자,키움증권,NIU,215405
2023-10-01,공격형 투자,나무증권,SOXL,6165008
2023-10-01,공격형 투자,삼성증권,AMD3,3136452
2023-10-01,공격형 투자,키움증권,SOXL,1676676
2023-10-01,예금,KB국민은행,,69100
2023-10-01,예금,나무증권,,392795
2023-10-01,예금,삼성증권,,89441
2023-10-01,예금,신한은행,,5
2023-10-01,예금,우리은행,,185038
2023-10-01,예금,카카오뱅크,,3999992
2023-10-01,예금,키움증권,,291863
2023-10-01,일반 투자,나무증권,AMD,7399586
2023-10-01,일반 투자,나무증권,이트론,3740
2023-10-01,일반 투자,키움증권,AMD,12286105
2023-10-01,일반 투자,키움증권,NIU,187244
2023-11-01,공격형 투자,나무증권,SOXL,5146877
2023-11-01,공격형 투자,삼성증권,AMD3,3330619
2023-11-01,공격형 투자,키움증권,SOXL,1399778
2023-11-01,예금,KB국민은행,,61900
2023-11-01,예금,나무증권,,61486
2023-11-01,예금,삼성증권,,89462
2023-11-01,예금,신한은행,,5
2023-11-01,예금,우리은행,,149188
2023-11-01,예금,카카오뱅크,,3101086
2023-11-01,예금,키움증권,,291833
2023-11-01,일반 투자,나무증권,AMD,7731178
2023-11-01,일반 투자,나무증권,이트론,3740
2023-11-01,일반 투자,나무증권,인베니아,1923933
2023-11-01,일반 투자,키움증권,AMD,12836674
2023-11-01,일반 투자,키움증권,NIU,145817
2023-12-01,공격형 투자,나무증권,SOXL,7149433
2023-12-01,공격형 투자,삼성증권,AMD3,4390974
2023-12-01,공격형 투자,키움증권,SOXL,1944407
2023-12-01,예금,KB국민은행,,57813
2023-12-01,예금,나무증권,,354945
2023-12-01,예금,삼성증권,,392754
2023-12-01,예금,신한은행,,5
2023-12-01,예금,우리은행,,71574
2023-12-01,예금,카카오뱅크,,2900882
2023-12-01,예금,키움증권,,290926
2023-12-01,일반 투자,나무증권,AMD,8342283
2023-12-01,일반 투자,나무증권,이트론,3740
2023-12-01,일반 투자,나무증권,인베니아,2110427
2023-12-01,일반 투자,키움증권,AMD,13851337
2023-12-01,일반 투자,키움증권,NIU,151709
2024-01-01,배당주,키움증권,KO,15475793
2024-01-01,예금,KB국민은행,,93667
2024-01-01,예금,나무증권,,9968072
2024-01-01,예금,삼성증권,,5045000
2024-01-01,예금,신한은행,,5
2024-01-01,예금,우리은행,,1584535
2024-01-01,예금,카카오뱅크,,15007711
2024-01-01,일반 투자,나무증권,이트론,3740
2024-01-01,일반 투자,키움증권,NIU,138408
2024-02-01,배당주,키움증권,KO,16268367
2024-02-01,예금,나무증권,,7310584
2024-02-01,예금,삼성증권,,5326541
2024-02-01,예금,우리은행,,496377
2024-02-01,예금,카카오뱅크,,15028537
2024-02-01,예금,키움증권,,53
2024-02-01,일반 투자,나무증권,NAVER,2632500
2024-02-01,일반 투자,나무증권,이트론,3740
2024-02-01,일반 투자,키움증권,NIU,116717
2024-03-01,배당주,키움증권,KO,15896890
2024-03-01,예금,KB국민은행,,8
2024-03-01,예금,나무증권,,7329366
2024-03-01,예금,삼성증권,,5373546
2024-03-01,예금,우리은행,,512906
2024-03-01,예금,카카오뱅크,,15048020
2024-03-01,예금,키움증권,,200053
2024-03-01,일반 투자,나무증권,NAVER,2496000
2024-03-01,일반 투자,나무증권,이트론,3740
2024-03-01,일반 투자,키움증권,NIU,120836
2024-04-01,배당주,키움증권,KO,16450713
2024-04-01,예금,나무증권,,7465328
2024-04-01,예금,삼성증권,,5452837
2024-04-01,예금,우리은행,,788235
2024-04-01,예금,카카오뱅크,,15068847
2024-04-01,예금,키움증권,,200053
2024-04-01,일반 투자,나무증권,NAVER,2525900
2024-04-01,일반 투자,나무증권,이트론,3740
2024-04-01,일반 투자,키움증권,NIU,119287
2024-05-01,배당주,키움증권,KO,17030750
2024-05-01,예금,나무증권,,4560821
2024-05-01,예금,삼성증권,,5863409
2024-05-01,예금,우리은행,,917552
2024-05-01,예금,카카오뱅크,,15089002
2024-05-01,예금,키움증권,,313454
2024-05-01,일반 투자,나무증권,AMD,1983713
2024-05-01,일반 투자,나무증권,NAVER,2454400
2024-05-01,일반 투자,나무증권,U,1080200
2024-05-01,일반 투자,나무증권,이트론,3740
2024-05-01,일반 투자,키움증권,NIU,156750
2024-06-01,배당주,키움증권,KO,17395110
2024-06-01,예금,나무증권,,1518127
2024-06-01,예금,삼성증권,,6009384
2024-06-01,예금,우리은행,,2011851
2024-06-01,예금,카카오뱅크,,12398374
2024-06-01,예금,키움증권,,314039
2024-06-01,일반 투자,나무증권,AMD,2260425
2024-06-01,일반 투자,나무증권,NAVER,2245100
2024-06-01,일반 투자,나무증권,U,3613293
2024-06-01,일반 투자,나무증권,이트론,3740
2024-06-01,일반 투자,키움증권,NIU,136137
2024-07-01,배당주,키움증권,KO,17508564
2024-07-01,예금,나무증권,,1457614
2024-07-01,예금,삼성증권,,5996532
2024-07-01,예금,우리은행,,827070
2024-07-01,예금,카카오뱅크,,18407586
2024-07-01,예금,키움증권,,314148
2024-07-01,일반 투자,나무증권,AMD,2181515
2024-07-01,일반 투자,나무증권,U,3171421
2024-07-01,일반 투자,나무증권,이트론,3740
2024-07-01,일반 투자,나무증권,인베니아,2475480
2024-07-01,일반 투자,키움증권,NIU,117591
2024-08-01,배당주,키움증권,KO,18607040
2024-08-01,예금,나무증권,,1671461
2024-08-01,예금,삼성증권,,3265965
2024-08-01,예금,우리은행,,4705612
2024-08-01,예금,카카오뱅크,,13874559
2024-08-01,예금,키움증권,,625877
2024-08-01,일반 투자,나무증권,AMD,1814433
2024-08-01,일반 투자,나무증권,U,3046985
2024-08-01,일반 투자,나무증권,이트론,3740
2024-08-01,일반 투자,나무증권,인베니아,2298660
2024-08-01,일반 투자,삼성증권,AMD,1814433
2024-08-01,일반 투자,키움증권,NIU,132790
2024-09-01,공격형 투자,나무증권,AMDL,4381924
2024-09-01,배당주,키움증권,KO,19516741
2024-09-01,예금,나무증권,,333073
2024-09-01,예금,삼성증권,,3188692
2024-09-01,예금,우리은행,,738801
2024-09-01,예금,카카오뱅크,,15894878
2024-09-01,예금,키움증권,,620536
2024-09-01,일반 투자,나무증권,AMD,1830313
2024-09-01,일반 투자,나무증권,이트론,3740
2024-09-01,일반 투자,나무증권,인베니아,2142048
2024-09-01,일반 투자,삼성증권,AMD,1830313
2024-09-01,일반 투자,키움증권,NIU,121629
2024-10-01,공격형 투자,나무증권,AMDL,5776528
2024-10-01,배당주,키움증권,KO,19000855
2024-10-01,예금,나무증권,,332943
2024-10-01,예금,삼성증권,,3160684
2024-10-01,예금,우리은행,,370225
2024-10-01,예금,카카오뱅크,,17452953
2024-10-01,예금,키움증권,,618600
2024-10-01,일반 투자,나무증권,AMD,2116432
2024-10-01,일반 투자,나무증권,이트론,3740
2024-10-01,일반 투자,나무증권,인베니아,2159730
2024-10-01,일반 투자,삼성증권,AMD,2116432
2024-10-01,일반 투자,키움증권,NIU,164943
2024-11-01,공격형 투자,나무증권,AMDL,4546856
2024-11-01,배당주,키움증권,KO,17850837
2024-11-01,예금,나무증권,,297887
2024-11-01,예금,삼성증권,,3901313
2024-11-01,예금,우리은행,,122080
2024-11-01,예금,카카오뱅크,,19104859
2024-11-01,예금,키움증권,,739728
2024-11-01,일반 투자,나무증권,AMD,1947639
2024-11-01,일반 투자,나무증권,이트론,3740
2024-11-01,일반 투자,나무증권,인베니아,2061216
2024-11-01,일반 투자,삼성증권,AMD,1947639
2024-11-01,일반 투자,키움증권,NIU,158573
2024-12-01,공격형 투자,나무증권,AMDL,6558428
2024-12-01,공격형 투자,삼성증권,AMDL,4968047
2024-12-01,공격형 투자,키움증권,AMDL,4695410
2024-12-01,배당주,키움증권,KO,13721568
2024-12-01,예금,나무증권,,341799
2024-12-01,예금,삼성증권,,10639
2024-12-01,예금,우리은행,,645483
2024-12-01,예금,카카오뱅크,,20010329
2024-12-01,예금,키움증권,,11297
2024-12-01,일반 투자,나무증권,이트론,3740
2024-12-01,일반 투자,나무증권,인베니아,1793460
2024-12-01,일반 투자,키움증권,NIU,134387
2025-01-01,공격형 투자,나무증권,AMDL,4874581
2025-01-01,공격형 투자,삼성증권,AMDL,3692523
2025-01-01,공격형 투자,키움증권,AMDL,7272470
2025-01-01,예금,나무증권,,342026
2025-01-01,예금,삼성증권,,11199
2025-01-01,예금,우리은행,,1211544
2025-01-01,예금,카카오뱅크,,21338432
2025-01-01,예금,키움증권,,393326
2025-01-01,일반 투자,나무증권,이트론,3740
2025-01-01,일반 투자,나무증권,인베니아,1866714
2025-01-01,일반 투자,키움증권,ADBE,9097513
2025-01-01,일반 투자,키움증권,NIU,128196
2025-02-01,공격형 투자,나무증권,AMDL,4207341
2025-02-01,공격형 투자,삼성증권,AMDL,3187085
2025-02-01,공격형 투자,키움증권,AMDL,6277003
2025-02-01,예금,나무증권,,342400
2025-02-01,예금,삼성증권,,638302
2025-02-01,예금,우리은행,,350450
2025-02-01,예금,카카오뱅크,,23370289
2025-02-01,예금,키움증권,,392448
2025-02-01,일반 투자,나무증권,이트론,3740
2025-02-01,일반 투자,나무증권,인베니아,1806090
2025-02-01,일반 투자,키움증권,ADBE,8945212
2025-02-01,일반 투자,키움증권,NIU,144221
2025-03-01,공격형 투자,나무증권,AMDL,3053011
2025-03-01,공격형 투자,삼성증권,AMD3,2160282
2025-03-01,공격형 투자,키움증권,AMDL,4554839
2025-03-01,예금,나무증권,,342410
2025-03-01,예금,삼성증권,,616953
2025-03-01,예금,우리은행,,524848
2025-03-01,예금,카카오뱅크,,21885912
2025-03-01,예금,키움증권,,392622
2025-03-01,일반 투자,나무증권,이트론,3740
2025-03-01,일반 투자,나무증권,인베니아,1702524
2025-03-01,일반 투자,키움증권,ADBE,9007083
2025-03-01,일반 투자,키움증권,NIU,171526
2025-03-28,공격형 투자,나무증권,AMD3,1569154
2025-03-28,공격형 투자,나무증권,AMDL,1592123
2025-03-28,공격형 투자,나무증권,GGLL,4779010
2025-03-28,공격형 투자,삼성증권,AMD3,2126581
2025-03-28,공격형 투자,키움증권,AMDL,4926851
2025-03-28,미래기술 투자,나무증권,IONQ,742200
2025-03-28,예금,카카오뱅크,,20000000
2025-03-28,일반 투자,키움증권,ADBE,7935212
2025-06-11,공격형 투자,나무증권,AMD3,1729672
2025-06-11,공격형 투자,나무증권,AMDL,1895582
2025-06-11,공격형 투자,나무증권,GGLL,5702406
2025-06-11,공격형 투자,삼성증권,AMD3,7370347
2025-06-11,공격형 투자,키움증권,AMDL,11488571
2025-06-11,미래기술 투자,나무증권,IONQ,1206295
2025-06-11,예금,카카오뱅크,,20045534
2025-06-11,일반 투자,나무증권,인베니아,1545912
2025-06-11,일반 투자,키움증권,ADBE,4560819
2025-07-28,공격형 투자,나무증권,GGLL,6357454
2025-07-28,공격형 투자,키움증권,GGLL,5652393
2025-07-28,미래기술 투자,나무증권,IONQ,1293000
2025-07-28,예금,나무증권,,4600000
2025-07-28,예금,삼성증권,,19315729
2025-07-28,예금,카카오뱅크,,23586627
2025-07-28,예금,키움증권,,15900000
2025-07-28,일반 투자,나무증권,AMD,3570000
2025-07-28,일반 투자,나무증권,인베니아,1713983
2025-07-28,일반 투자,키움증권,AMD,6476907
2025-08-09,미래기술 투자,나무증권,IONQ,1270827
2025-08-09,미래기술 투자,키움증권,STKH,143138
2025-08-09,배당주,삼성증권,SCHD,15208814
2025-08-09,배당주,키움증권,KO,15463541
2025-08-09,예금,KB증권,,114173
2025-08-09,예금,대신증권,,424415
2025-08-09,예금,우리은행,,9855869
2025-08-09,예금,카카오뱅크,,24591883
2025-08-09,일반 투자,나무증권,AMD,3604423
2025-08-09,일반 투자,나무증권,GOOGL,6945223
2025-08-09,일반 투자,나무증권,인베니아,1601484
2025-08-09,일반 투자,키움증권,AMD,6527125
2025-08-09,일반 투자,키움증권,GOOGL,6143250
2025-09-11,공격형 투자,나무증권,AMDL,3346489
2025-09-11,공격형 투자,삼성증권,AMDL,5452333
2025-09-11,미래기술 투자,KB증권,RGTI,607857
2025-09-11,미래기술 투자,나무증권,IONQ,1348634
2025-09-11,미래기술 투자,키움증권,STKH,100000
2025-09-11,배당주,삼성증권,SCHD,10436591
2025-09-11,배당주,키움증권,KO,14798226
2025-09-11,예금,우리은행,,10062781
2025-09-11,예금,키움저축은행,,24016057
2025-09-11,일반 투자,나무증권,GOOGL,8333119
2025-09-11,일반 투자,나무증권,인베니아,1684842
2025-09-11,일반 투자,키움증권,AMD,6016593
2025-09-11,일반 투자,키움증권,GOOGL,7355891
2025-10-03,공격형 투자,나무증권,AMDL,3746882
2025-10-03,공격형 투자,삼성증권,AMDL,6125210
2025-10-03,공격형 투자,키움증권,AMDL,6870438
2025-10-03,미래기술 투자,KB증권,RGTI,1321223
2025-10-03,미래기술 투자,나무증권,IONQ,2121007
2025-10-03,미래기술 투자,키움증권,STKH,178563
2025-10-03,배당주,삼성증권,SCHD,10576308
2025-10-03,배당주,키움증권,KO,14635499
2025-10-03,예금,우리은행,,9239548
2025-10-03,예금,키움저축은행,,27952902
2025-10-03,일반 투자,나무증권,GOOGL,8607532
2025-10-03,일반 투자,나무증권,인베니아,1361514
2025-10-03,일반 투자,키움증권,GOOGL,7566791
2025-11-02,미래기술 투자,KB증권,RGTI,1705468
2025-11-02,미래기술 투자,나무증권,IONQ,2129673
2025-11-02,미래기술 투자,삼성증권,IONQ,1686805
2025-11-02,미래기술 투자,삼성증권,RGTI,1701136
2025-11-02,미래기술 투자,키움증권,STKH,136460
2025-11-02,배당주,삼성증권,SCHD,7461837
2025-11-02,배당주,키움증권,KO,15867284
2025-11-02,예금,우리은행,,9387145
2025-11-02,예금,키움저축은행,,31008278
2025-11-02,일반 투자,나무증권,AMD,7677423
2025-11-02,일반 투자,나무증권,GOOGL,9987306
2025-11-02,일반 투자,나무증권,인베니아,1273104
2025-11-02,일반 투자,삼성증권,AMD,12757849
2025-11-02,일반 투자,키움증권,AMD,14287808
2025-11-02,일반 투자,키움증권,GOOGL,8848712
2025-12-05,미래기술 투자,KB증권,RGTI,1098333
2025-12-05,미래기술 투자,나무증권,IONQ,3971768
2025-12-05,미래기술 투자,나무증권,RGTI,1312195
2025-12-05,미래기술 투자,삼성증권,IONQ,1473957
2025-12-05,미래기술 투자,삼성증권,RGTI,1105182
2025-12-05,미래기술 투자,키움증권,STKH,129919
2025-12-05,배당주,삼성증권,SCHD,7994016
2025-12-05,배당주,키움증권,KO,16775847
2025-12-05,예금,나무증권,,501430
2025-12-05,예금,우리은행,,1229340
2025-12-05,예금,키움저축은행,,29544292
2025-12-05,예금,키움증권,,220398
2025-12-05,일반 투자,나무증권,AMD,14351590
2025-12-05,일반 투자,나무증권,GOOGL,11633939
2025-12-05,일반 투자,나무증권,인베니아,1237740
2025-12-05,일반 투자,삼성증권,AMD,10846555
2025-12-05,일반 투자,키움증권,AMD,12483233
2025-12-05,일반 투자,키움증권,GOOGL,10255203
2026-01-16,미래기술 투자,KB증권,RGTI,1419755
2026-01-16,미래기술 투자,나무증권,IONQ,4192627
2026-01-16,미래기술 투자,나무증권,RGTI,1205197
2026-01-16,미래기술 투자,삼성증권,IONQ,1373025
2026-01-16,미래기술 투자,삼성증권,RGTI,1017258
2026-01-16,미래기술 투자,키움증권,STKH,105862
2026-01-16,배당주,삼성증권,SCHD,8418131
2026-01-16,배당주,키움증권,KO,16795447
2026-01-16,예금,대신증권,,439819
2026-01-16,예금,삼성증권,,390739
2026-01-16,예금,키움저축은행,,35559682
2026-01-16,예금,키움증권,,221073
2026-01-16,일반 투자,나무증권,AMD,15707007
2026-01-16,일반 투자,나무증권,GOOGL,12271191
2026-01-16,일반 투자,나무증권,인베니아,2839500
2026-01-16,일반 투자,삼성증권,AMD,11879070
2026-01-16,일반 투자,키움증권,AMD,13554718
2026-01-16,일반 투자,키움증권,GOOGL,10744894
2026-02-06,공격형 투자,나무증권,AMDL,15330493
2026-02-06,미래기술 투자,KB증권,RGTI,851713
2026-02-06,미래기술 투자,나무증권,IONQ,6450620
2026-02-06,미래기술 투자,나무증권,RGTI,1894686
2026-02-06,미래기술 투자,삼성증권,IONQ,869921
2026-02-06,미래기술 투자,삼성증권,RGTI,937721
2026-02-06,미래기술 투자,키움증권,RGTI,293133
2026-02-06,미래기술 투자,키움증권,STKH,80824
2026-02-06,배당주,삼성증권,SCHD,8774825
2026-02-06,배당주,키움증권,KO,18368565
2026-02-06,예금,키움저축은행,,22500000
2026-02-06,일반 투자,나무증권,AMD,4795886
2026-02-06,일반 투자,나무증권,GOOGL,11691727
2026-02-06,일반 투자,나무증권,인베니아,1773110
2026-02-06,일반 투자,삼성증권,AMD,9555339
2026-02-06,일반 투자,키움증권,AMD,11066716
2026-02-06,일반 투자,키움증권,GOOGL,10365306
2026-03-24,공격형 투자,나무증권,AMDL,21944833
2026-03-24,미래기술 투자,KB증권,RGTI,873289
2026-03-24,미래기술 투자,나무증권,IONQ,6944176
2026-03-24,미래기술 투자,나무증권,RGTI,1949835
2026-03-24,미래기술 투자,삼성증권,IONQ,944687
2026-03-24,미래기술 투자,삼성증권,RGTI,971924
2026-03-24,미래기술 투자,키움증권,NPCE,1904824
2026-03-24,미래기술 투자,키움증권,RGTI,297777
2026-03-24,미래기술 투자,키움증권,STKH,57116
2026-03-24,배당주,삼성증권,SCHD,9003902
2026-03-24,예금,키움저축은행,,24042018
2026-03-24,일반 투자,나무증권,GOOGL,11406113
2026-03-24,일반 투자,나무증권,인베니아,2227401
2026-03-24,일반 투자,삼성증권,AMD,9003902
2026-03-24,일반 투자,키움증권,AMD,11906845
2026-03-24,일반 투자,키움증권,GOOGL,9986180
2026-03-24,일반 투자,키움증권,META,16261744
2026-04-08,공격형 투자,나무증권,AMDL,27581672
2026-04-08,미래기술 투자,KB증권,RGTI,840652
2026-04-08,미래기술 투자,나무증권,IONQ,6505488
2026-04-08,미래기술 투자,나무증권,RGTI,1908362
2026-04-08,미래기술 투자,삼성증권,IONQ,876626
2026-04-08,미래기술 투자,삼성증권,RGTI,945486
2026-04-08,미래기술 투자,키움증권,NPCE,2092922
2026-04-08,미래기술 투자,키움증권,RGTI,291620
2026-04-08,미래기술 투자,키움증권,STKH,71219
2026-04-08,배당주,삼성증권,SCHD,9069670
2026-04-08,예금,키움저축은행,,25983160
2026-04-08,일반 투자,나무증권,GOOGL,11971526
2026-04-08,일반 투자,나무증권,인베니아,1702525
2026-04-08,일반 투자,삼성증권,AMD,11873342
2026-04-08,일반 투자,키움증권,AMD,13579971
2026-04-08,일반 투자,키움증권,GOOGL,10501904
2026-04-08,일반 투자,키움증권,META,16258958
2026-04-24,미래기술 투자,KB증권,RGTI,922099
2026-04-24,미래기술 투자,나무증권,IONQ,8695066
2026-04-24,미래기술 투자,나무증권,RGTI,2039415
2026-04-24,미래기술 투자,삼성증권,IONQ,1167453
2026-04-24,미래기술 투자,삼성증권,RGTI,1012375
2026-04-24,미래기술 투자,키움증권,NPCE,2418968
2026-04-24,미래기술 투자,키움증권,RGTI,310353
2026-04-24,미래기술 투자,키움증권,STKH,78123
2026-04-24,배당주,나무증권,KO,15100794
2026-04-24,배당주,나무증권,SCHD,15047411
2026-04-24,배당주,삼성증권,SCHD,9091890
2026-04-24,예금,나무증권,,21230145
2026-04-24,예금,키움저축은행,,27400534
2026-04-24,일반 투자,나무증권,GOOGL,12541607
2026-04-24,일반 투자,나무증권,인베니아,1999844
2026-04-24,일반 투자,삼성증권,AMD,17345288
2026-04-24,일반 투자,키움증권,AMD,19938601
2026-04-24,일반 투자,키움증권,GOOGL,11002306
2026-04-24,일반 투자,키움증권,META,17705885
2026-05-06,미래기술 투자,KB증권,RGTI,1003931
2026-05-06,미래기술 투자,나무증권,IONQ,9910875
2026-05-06,미래기술 투자,나무증권,RGTI,2264864
2026-05-06,미래기술 투자,삼성증권,IONQ,1331875
2026-05-06,미래기술 투자,삼성증권,RGTI,1119726
2026-05-06,미래기술 투자,키움증권,NPCE,2411065
2026-05-06,미래기술 투자,키움증권,RGTI,347383
2026-05-06,미래기술 투자,키움증권,STKH,75169
2026-05-06,배당주,나무증권,KO,22216372
2026-05-06,배당주,나무증권,SCHD,22163008
2026-05-06,배당주,삼성증권,KO,10370554
2026-05-06,배당주,삼성증권,SCHD,19089531
2026-05-06,예금,우리은행,,20957707
2026-05-06,예금,키움저축은행,,28394500
2026-05-06,일반 투자,나무증권,인베니아,1827100
2026-05-06,일반 투자,키움증권,GOOGL,12743339
2026-05-06,일반 투자,키움증권,META,15962160
2026-05-06,일반 투자,키움증권,QQQ,23214854
2026-06-10,미래기술 투자,KB증권,RGTI,1111881
2026-06-10,미래기술 투자,나무증권,IONQ,12045441
2026-06-10,미래기술 투자,나무증권,RGTI,2510085
2026-06-10,미래기술 투자,삼성증권,IONQ,1623438
2026-06-10,미래기술 투자,삼성증권,RGTI,1244174
2026-06-10,미래기술 투자,키움증권,NPCE,2318396
2026-06-10,미래기술 투자,키움증권,RGTI,378484
2026-06-10,미래기술 투자,키움증권,STKH,49413
2026-06-10,배당주,나무증권,KO,24295824
2026-06-10,배당주,나무증권,SCHD,23598256
2026-06-10,배당주,삼성증권,KO,11331050
2026-06-10,배당주,삼성증권,SCHD,20335469
2026-06-10,예금,나무증권,,550144
2026-06-10,예금,우리은행,,21981503
2026-06-10,예금,키움저축은행,,22279468
2026-06-10,일반 투자,나무증권,인베니아,1682593
2026-06-10,일반 투자,키움증권,META,16113520
2026-06-10,일반 투자,키움증권,QQQ,37182129
2026-07-02,미래기술 투자,KB증권,RGTI,1108753
2026-07-02,미래기술 투자,나무증권,IONQ,11346451
2026-07-02,미래기술 투자,나무증권,RGTI,2483931
2026-07-02,미래기술 투자,삼성증권,IONQ,1526591
2026-07-02,미래기술 투자,삼성증권,RGTI,1228007
2026-07-02,미래기술 투자,키움증권,NPCE,2347787
2026-07-02,미래기술 투자,키움증권,RGTI,379016
2026-07-02,미래기술 투자,키움증권,STKH,27314
2026-07-02,배당주,나무증권,KO,24383934
2026-07-02,배당주,나무증권,SCHD,23523512
2026-07-02,배당주,삼성증권,KO,11370746
2026-07-02,배당주,삼성증권,SCHD,20254982
2026-07-02,예금,우리은행,,22385323
2026-07-02,예금,키움저축은행,,27308029
2026-07-02,일반 투자,나무증권,인베니아,1614492
2026-07-02,일반 투자,키움증권,META,17078030
2026-07-02,일반 투자,키움증권,QQQ,39510585
2026-08-01,미래기술 투자,KB증권,RGTI,822614
2026-08-01,미래기술 투자,나무증권,IONQ,7390205
2026-08-01,미래기술 투자,나무증권,RGTI,1857613
2026-08-01,미래기술 투자,삼성증권,IONQ,994474
2026-08-01,미래기술 투자,삼성증권,RGTI,916064
2026-08-01,미래기술 투자,키움증권,NPCE,1816290
2026-08-01,미래기술 투자,키움증권,RGTI,284243
2026-08-01,미래기술 투자,키움증권,STKH,39124
2026-08-01,배당주,나무증권,KO,24358826
2026-08-01,배당주,나무증권,SCHD,22784331
2026-08-01,배당주,삼성증권,KO,11375899
2026-08-01,배당주,삼성증권,SCHD,19633243
2026-08-01,예금,우리은행,,20717550
2026-08-01,예금,키움저축은행,,32281806
2026-08-01,일반 투자,나무증권,인베니아,2142690
2026-08-01,일반 투자,키움증권,META,14281586
2026-08-01,일반 투자,키움증권,QQQ,34574305
2026-09-01,미래기술 투자,KB증권,RGTI,810431
2026-09-01,미래기술 투자,나무증권,IONQ,7711056
2026-09-01,미래기술 투자,나무증권,RGTI,1829334
2026-09-01,미래기술 투자,삼성증권,IONQ,1038555
2026-09-01,미래기술 투자,삼성증권,RGTI,902460
2026-09-01,미래기술 투자,키움증권,NPCE,1926043
2026-09-01,미래기술 투자,키움증권,RGTI,279627
2026-09-01,미래기술 투자,키움증권,STKH,40787
2026-09-01,배당주,나무증권,KO,23695945
2026-09-01,배당주,나무증권,SCHD,22779633
2026-09-01,배당주,삼성증권,KO,11054258
2026-09-01,배당주,삼성증권,SCHD,19614519
2026-09-01,예금,신한은행,,3860000
2026-09-01,예금,우리은행,,19818762
2026-09-01,예금,키움저축은행,,35063900
2026-09-01,일반 투자,나무증권,인베니아,1617814
2026-09-01,일반 투자,키움증권,META,14152649
2026-09-01,일반 투자,키움증권,QQQ,34434488
